<quakes>
<qu001>  5.0|2008/10/20 23:15:46|  -3.3788| 149.9853|  35.00|Bismarck Sea|http://earthquake.usgs.gov/eqcenter/recenteqsww/Quakes/us2008yjcy.php</qu001>
<qu002>  2.8|2008/10/20 18:45:43|  51.2831| 179.5535|  18.80|Rat Islands, Aleutian Islands, Alaska|http://earthquake.usgs.gov/eqcenter/recenteqsww/Quakes/ak00073716.php</qu002>
<qu003>  4.9|2008/10/20 15:51:24|  32.2968| 139.9900| 109.50|Izu Islands, Japan region|http://earthquake.usgs.gov/eqcenter/recenteqsww/Quakes/us2008yjbh.php</qu003>
<qu004>  2.6|2008/10/20 15:46:40|  53.4600|-167.0099|  52.40|Fox Islands, Aleutian Islands, Alaska|http://earthquake.usgs.gov/eqcenter/recenteqsww/Quakes/ak00073703.php</qu004>
<qu005>  4.1|2008/10/20 15:08:48|  33.9024|  92.7882|  25.70|southern Qinghai, China|http://earthquake.usgs.gov/eqcenter/recenteqsww/Quakes/us2008yjbm.php</qu005>
<qu006>  3.4|2008/10/20 14:51:27|  18.9175| -64.9990|  51.40|Virgin Islands region|http://earthquake.usgs.gov/eqcenter/recenteqsww/Quakes/prp0829410.php</qu006>
<qu007>  4.5|2008/10/20 14:26:32|  35.3536|  91.2283|  10.00|southern Qinghai, China|http://earthquake.usgs.gov/eqcenter/recenteqsww/Quakes/us2008yjbl.php</qu007>
<qu008>  2.8|2008/10/20 13:54:05|  18.9872| -65.0150|  12.40|Virgin Islands region|http://earthquake.usgs.gov/eqcenter/recenteqsww/Quakes/prp0829411.php</qu008>
<qu009>  2.9|2008/10/20 13:48:17|  19.0118| -64.9915|  32.60|Virgin Islands region|http://earthquake.usgs.gov/eqcenter/recenteqsww/Quakes/prp0829409.php</qu009>
<qu010>  3.0|2008/10/20 11:44:33|  61.6370|-140.3894|  35.70|Southern Yukon Territory, Canada|http://earthquake.usgs.gov/eqcenter/recenteqsww/Quakes/ak00073698.php</qu010>
<qu011>  2.9|2008/10/20 11:36:25|  17.7827| -65.6868|   1.20|Puerto Rico region|http://earthquake.usgs.gov/eqcenter/recenteqsww/Quakes/prp0829408.php</qu011>
<qu012>  2.6|2008/10/20 10:06:53|  38.7783|-122.7252|   1.80|Northern California|http://earthquake.usgs.gov/eqcenter/recenteqsww/Quakes/nc51209808.php</qu012>
<qu013>  3.3|2008/10/20 09:38:04|  17.8480| -68.3237|  82.50|Dominican Republic region|http://earthquake.usgs.gov/eqcenter/recenteqsww/Quakes/prp0829413.php</qu013>
<qu014>  4.7|2008/10/20 08:54:13|   2.5849|  96.4427|  55.50|Simeulue, Indonesia|http://earthquake.usgs.gov/eqcenter/recenteqsww/Quakes/us2008yja4.php</qu014>
<qu015>  3.0|2008/10/20 08:26:17|  46.4355| -75.7577|  11.00|southern Quebec, Canada|http://earthquake.usgs.gov/eqcenter/recenteqsww/Quakes/ld1023010.php</qu015>
<qu016>  2.9|2008/10/20 08:16:53|  54.2075|-161.6166|  34.40|Alaska Peninsula|http://earthquake.usgs.gov/eqcenter/recenteqsww/Quakes/ak00073693.php</qu016>
<qu017>  3.3|2008/10/20 06:54:00|  19.0618| -64.5075|  80.80|Virgin Islands region|http://earthquake.usgs.gov/eqcenter/recenteqsww/Quakes/prp0829406.php</qu017>
<qu018>  3.0|2008/10/20 06:13:56|  19.1540| -64.6037|  61.50|Virgin Islands region|http://earthquake.usgs.gov/eqcenter/recenteqsww/Quakes/prp0829405.php</qu018>
<qu019>  3.3|2008/10/20 05:58:57|  19.0825| -64.5127|  79.50|Virgin Islands region|http://earthquake.usgs.gov/eqcenter/recenteqsww/Quakes/prp0829404.php</qu019>
<qu020>  2.6|2008/10/20 05:24:33|  63.0976|-151.4344|   4.80|Central Alaska|http://earthquake.usgs.gov/eqcenter/recenteqsww/Quakes/ak00073683.php</qu020>
<qu021>  4.6|2008/10/20 05:21:45|  36.1772|  71.1983|  95.10|Hindu Kush region, Afghanistan|http://earthquake.usgs.gov/eqcenter/recenteqsww/Quakes/us2008yjav.php</qu021>
<qu022>  5.0|2008/10/20 05:01:06|  17.6827|-100.8926|  29.30|Guerrero, Mexico|http://earthquake.usgs.gov/eqcenter/recenteqsww/Quakes/us2008yjak.php</qu022>
<qu023>  5.9|2008/10/20 04:54:21|   0.1125| 120.6397| 117.40|Minahasa, Sulawesi, Indonesia|http://earthquake.usgs.gov/eqcenter/recenteqsww/Quakes/us2008yjaj.php</qu023>
<qu024>  3.0|2008/10/20 04:31:33|  19.1910| -64.7742|  36.20|Virgin Islands region|http://earthquake.usgs.gov/eqcenter/recenteqsww/Quakes/prp0829403.php</qu024>
<qu025>  2.6|2008/10/20 03:44:08|  18.5852| -64.0717|  14.00|Virgin Islands region|http://earthquake.usgs.gov/eqcenter/recenteqsww/Quakes/prp0829401.php</qu025>
<qu026>  5.2|2008/10/20 03:39:17| -60.4922| -51.4419|  10.00|Scotia Sea|http://earthquake.usgs.gov/eqcenter/recenteqsww/Quakes/us2008yjaq.php</qu026>
<qu027>  2.8|2008/10/19 23:32:36|  54.0332|-165.5491|  77.80|Fox Islands, Aleutian Islands, Alaska|http://earthquake.usgs.gov/eqcenter/recenteqsww/Quakes/ak00073657.php</qu027>
<qu028>  4.9|2008/10/19 23:29:15|  -3.5292| 140.0010|  65.80|Papua, Indonesia|http://earthquake.usgs.gov/eqcenter/recenteqsww/Quakes/us2008yicj.php</qu028>
<qu029>  2.9|2008/10/19 21:47:39|  19.2088| -64.9237|  38.60|Virgin Islands region|http://earthquake.usgs.gov/eqcenter/recenteqsww/Quakes/prp0829313.php</qu029>
<qu030>  2.5|2008/10/19 21:28:37|  62.9457|-151.0025| 100.00|Central Alaska|http://earthquake.usgs.gov/eqcenter/recenteqsww/Quakes/ak00073654.php</qu030>
<qu031>  2.5|2008/10/19 21:09:48|  51.7750|-177.1119|  16.60|Andreanof Islands, Aleutian Islands, Alaska|http://earthquake.usgs.gov/eqcenter/recenteqsww/Quakes/ak00073653.php</qu031>
<qu032>  3.7|2008/10/19 21:06:39|  59.7261|-141.0945|  53.00|Southeastern Alaska|http://earthquake.usgs.gov/eqcenter/recenteqsww/Quakes/ak00073651.php</qu032>
<qu033>  2.9|2008/10/19 20:51:47|  17.5797| -67.3887|  30.00|Puerto Rico region|http://earthquake.usgs.gov/eqcenter/recenteqsww/Quakes/prp0829315.php</qu033>
<qu034>  2.8|2008/10/19 20:47:14|  19.1640| -64.8032|  34.30|Virgin Islands region|http://earthquake.usgs.gov/eqcenter/recenteqsww/Quakes/prp0829314.php</qu034>
<qu035>  2.6|2008/10/19 20:11:01|  62.2177|-148.0982| 100.00|Central Alaska|http://earthquake.usgs.gov/eqcenter/recenteqsww/Quakes/ak00073650.php</qu035>
<qu036>  4.8|2008/10/19 18:58:59| -21.0368|-113.8449|  10.00|southern East Pacific Rise|http://earthquake.usgs.gov/eqcenter/recenteqsww/Quakes/us2008yibr.php</qu036>
<qu037>  3.3|2008/10/19 18:00:07|  19.3447| -64.7667|  88.40|Virgin Islands region|http://earthquake.usgs.gov/eqcenter/recenteqsww/Quakes/prp0829311.php</qu037>
<qu038>  2.9|2008/10/19 17:49:02|  53.7898|-166.0553|  18.00|Fox Islands, Aleutian Islands, Alaska|http://earthquake.usgs.gov/eqcenter/recenteqsww/Quakes/ak00073644.php</qu038>
<qu039>  4.9|2008/10/19 14:14:39| -21.8557|-173.8363|  68.10|Tonga|http://earthquake.usgs.gov/eqcenter/recenteqsww/Quakes/us2008yibf.php</qu039>
<qu040>  5.6|2008/10/19 12:55:05| -21.9564|-173.7185|  31.60|Tonga|http://earthquake.usgs.gov/eqcenter/recenteqsww/Quakes/us2008yibd.php</qu040>
<qu041>  3.2|2008/10/19 12:18:38|  18.4983| -64.8332|  85.40|Virgin Islands region|http://earthquake.usgs.gov/eqcenter/recenteqsww/Quakes/prp0829310.php</qu041>
<qu042>  3.9|2008/10/19 11:45:36|  54.0363|-163.2634|  18.00|Unimak Island region, Alaska|http://earthquake.usgs.gov/eqcenter/recenteqsww/Quakes/ak00073627.php</qu042>
<qu043>  2.6|2008/10/19 10:33:11|  35.6518|-118.3495|   5.80|Central California|http://earthquake.usgs.gov/eqcenter/recenteqsww/Quakes/ci10354785.php</qu043>
<qu044>  3.1|2008/10/19 09:12:23|  19.2448| -64.7932|  34.60|Virgin Islands region|http://earthquake.usgs.gov/eqcenter/recenteqsww/Quakes/prp0829308.php</qu044>
<qu045>  2.7|2008/10/19 08:57:57|  58.2463|-155.1572|   1.70|Alaska Peninsula|http://earthquake.usgs.gov/eqcenter/recenteqsww/Quakes/ak00073622.php</qu045>
<qu046>  3.1|2008/10/19 08:30:33|  19.3992| -64.7138|  25.00|Virgin Islands region|http://earthquake.usgs.gov/eqcenter/recenteqsww/Quakes/prp0829307.php</qu046>
<qu047>  2.5|2008/10/19 07:25:19|  18.5600| -65.0252|  21.20|Virgin Islands region|http://earthquake.usgs.gov/eqcenter/recenteqsww/Quakes/prp0829306.php</qu047>
<qu048>  2.8|2008/10/19 06:51:57|  19.2412| -64.7307|  29.80|Virgin Islands region|http://earthquake.usgs.gov/eqcenter/recenteqsww/Quakes/prp0829305.php</qu048>
<qu049>  2.9|2008/10/19 06:36:15|  19.2880| -64.4460|  60.10|Virgin Islands region|http://earthquake.usgs.gov/eqcenter/recenteqsww/Quakes/prp0829309.php</qu049>
<qu050>  6.9|2008/10/19 05:10:32| -21.8573|-173.8239|  21.80|Tonga|http://earthquake.usgs.gov/eqcenter/recenteqsww/Quakes/us2008yiap.php</qu050>
<qu051>  3.1|2008/10/19 04:07:07|  35.8941|-116.7583|   2.50|Central California|http://earthquake.usgs.gov/eqcenter/recenteqsww/Quakes/ci10354741.php</qu051>
<qu052>  2.9|2008/10/19 03:49:14|  19.0910| -64.9072|  24.40|Virgin Islands region|http://earthquake.usgs.gov/eqcenter/recenteqsww/Quakes/prp0829302.php</qu052>
<qu053>  3.2|2008/10/19 02:57:41|  19.2022| -64.7705|  24.90|Virgin Islands region|http://earthquake.usgs.gov/eqcenter/recenteqsww/Quakes/prp0829303.php</qu053>
<qu054>  4.9|2008/10/19 02:56:14| -55.9009| -28.2056| 167.50|South Sandwich Islands region|http://earthquake.usgs.gov/eqcenter/recenteqsww/Quakes/us2008yiaj.php</qu054>
<qu055>  3.0|2008/10/19 02:22:01|  19.2200| -64.8548|  31.40|Virgin Islands region|http://earthquake.usgs.gov/eqcenter/recenteqsww/Quakes/prp0829304.php</qu055>
<qu056>  2.8|2008/10/19 01:51:58|  18.8310| -64.4865|  43.00|Virgin Islands region|http://earthquake.usgs.gov/eqcenter/recenteqsww/Quakes/prp0829301.php</qu056>
<qu057>  3.8|2008/10/18 20:53:56|  41.8246|  81.0155|  10.00|southern Xinjiang, China|http://earthquake.usgs.gov/eqcenter/recenteqsww/Quakes/us2008yhbv.php</qu057>
<qu058>  3.3|2008/10/18 19:24:12|  58.0247|-156.6898| 100.00|Alaska Peninsula|http://earthquake.usgs.gov/eqcenter/recenteqsww/Quakes/ak00073590.php</qu058>
<qu059>  5.0|2008/10/18 18:41:30|  -6.1225| 104.6477|  65.60|Sunda Strait, Indonesia|http://earthquake.usgs.gov/eqcenter/recenteqsww/Quakes/us2008yhbn.php</qu059>
<qu060>  3.0|2008/10/18 18:29:06|  18.7295| -64.3917|  53.30|Virgin Islands region|http://earthquake.usgs.gov/eqcenter/recenteqsww/Quakes/prp0829219.php</qu060>
<qu061>  3.0|2008/10/18 17:51:21|  18.9695| -66.2755|  52.40|Puerto Rico region|http://earthquake.usgs.gov/eqcenter/recenteqsww/Quakes/prp0829220.php</qu061>
<qu062>  2.9|2008/10/18 17:16:13|  18.7058| -64.3573|  52.70|Virgin Islands region|http://earthquake.usgs.gov/eqcenter/recenteqsww/Quakes/prp0829216.php</qu062>
<qu063>  3.3|2008/10/18 15:28:12|  19.5078| -66.3358|  31.90|Puerto Rico region|http://earthquake.usgs.gov/eqcenter/recenteqsww/Quakes/prp0829215.php</qu063>
<qu064>  3.0|2008/10/18 15:20:55|  65.5446|-142.4172|  12.90|northern Alaska|http://earthquake.usgs.gov/eqcenter/recenteqsww/Quakes/ak00073578.php</qu064>
<qu065>  2.8|2008/10/18 15:04:32|  51.5988|-177.7338|  68.40|Andreanof Islands, Aleutian Islands, Alaska|http://earthquake.usgs.gov/eqcenter/recenteqsww/Quakes/ak00073577.php</qu065>
<qu066>  3.3|2008/10/18 13:02:22|  19.0453| -64.7562|  70.60|Virgin Islands region|http://earthquake.usgs.gov/eqcenter/recenteqsww/Quakes/prp0829209.php</qu066>
<qu067>  3.3|2008/10/18 10:33:23|  19.5410| -66.3732|  46.30|Puerto Rico region|http://earthquake.usgs.gov/eqcenter/recenteqsww/Quakes/prp0829210.php</qu067>
<qu068>  4.7|2008/10/18 10:26:41| -20.5185|-177.8922| 535.70|Fiji region|http://earthquake.usgs.gov/eqcenter/recenteqsww/Quakes/us2008yha4.php</qu068>
<qu069>  2.5|2008/10/18 10:19:33|  54.3092|-164.1704|  35.30|Unimak Island region, Alaska|http://earthquake.usgs.gov/eqcenter/recenteqsww/Quakes/ak00073568.php</qu069>
<qu070>  3.4|2008/10/18 09:55:49|  19.4720| -66.3810|  35.60|Puerto Rico region|http://earthquake.usgs.gov/eqcenter/recenteqsww/Quakes/prp0829207.php</qu070>
<qu071>  4.4|2008/10/18 09:42:03|  -1.9614| -77.1654| 172.00|Ecuador|http://earthquake.usgs.gov/eqcenter/recenteqsww/Quakes/us2008yha1.php</qu071>
<qu072>  4.8|2008/10/18 09:29:00|  39.4672|  73.6275|  10.00|Kyrgyzstan|http://earthquake.usgs.gov/eqcenter/recenteqsww/Quakes/us2008yhay.php</qu072>
<qu073>  3.4|2008/10/18 09:17:16|  19.6962| -66.3755|  42.80|Puerto Rico region|http://earthquake.usgs.gov/eqcenter/recenteqsww/Quakes/prp0829208.php</qu073>
<qu074>  3.3|2008/10/18 09:07:16|  19.0652| -64.8233|   6.80|Virgin Islands region|http://earthquake.usgs.gov/eqcenter/recenteqsww/Quakes/prp0829217.php</qu074>
<qu075>  3.2|2008/10/18 09:07:16|  19.0335| -64.7650|  53.10|Virgin Islands region|http://earthquake.usgs.gov/eqcenter/recenteqsww/Quakes/prp0829205.php</qu075>
<qu076>  4.5|2008/10/18 08:09:50|  47.3767| 145.7449| 412.60|Sea of Okhotsk|http://earthquake.usgs.gov/eqcenter/recenteqsww/Quakes/us2008yhat.php</qu076>
<qu077>  2.9|2008/10/18 05:35:03|  54.2153|-161.7095|  43.90|Alaska Peninsula|http://earthquake.usgs.gov/eqcenter/recenteqsww/Quakes/ak00073552.php</qu077>
<qu078>  2.8|2008/10/18 05:27:56|  51.2985|-178.8196|   0.10|Andreanof Islands, Aleutian Islands, Alaska|http://earthquake.usgs.gov/eqcenter/recenteqsww/Quakes/ak00073550.php</qu078>
<qu079>  2.9|2008/10/18 04:20:44|  17.9183| -65.2003|  12.90|Puerto Rico region|http://earthquake.usgs.gov/eqcenter/recenteqsww/Quakes/prp0829204.php</qu079>
<qu080>  3.1|2008/10/18 03:58:00|  19.0842| -64.7553|  45.50|Virgin Islands region|http://earthquake.usgs.gov/eqcenter/recenteqsww/Quakes/prp0829203.php</qu080>
<qu081>  4.0|2008/10/18 02:27:37|  36.1750|-114.5220|   0.00|Nevada|http://earthquake.usgs.gov/eqcenter/recenteqsww/Quakes/nn00263178.php</qu081>
<qu082>  5.7|2008/10/18 00:54:41|  -6.9670| 147.2333|  89.90|eastern New Guinea region, Papua New Guinea|http://earthquake.usgs.gov/eqcenter/recenteqsww/Quakes/us2008ygcw.php</qu082>
<qu083>  3.1|2008/10/18 00:35:54|  18.3678| -64.0725|  22.90|Virgin Islands region|http://earthquake.usgs.gov/eqcenter/recenteqsww/Quakes/prp0829201.php</qu083>
<qu084>  3.2|2008/10/18 00:33:34|  18.4490| -67.8333| 107.30|Dominican Republic region|http://earthquake.usgs.gov/eqcenter/recenteqsww/Quakes/prp0829202.php</qu084>
<qu085>  4.3|2008/10/17 22:17:18|  -7.0480| -74.2373| 141.30|northern Peru|http://earthquake.usgs.gov/eqcenter/recenteqsww/Quakes/us2008ygcp.php</qu085>
<qu086>  3.1|2008/10/17 21:01:23|  18.7088| -65.0075|  36.60|Virgin Islands region|http://earthquake.usgs.gov/eqcenter/recenteqsww/Quakes/prp0829107.php</qu086>
<qu087>  2.5|2008/10/17 19:15:43|  59.9567|-152.5732| 100.00|Southern Alaska|http://earthquake.usgs.gov/eqcenter/recenteqsww/Quakes/ak00073364.php</qu087>
<qu088>  2.7|2008/10/17 18:54:01|  19.0382| -64.5350|  82.20|Virgin Islands region|http://earthquake.usgs.gov/eqcenter/recenteqsww/Quakes/prp0829106.php</qu088>
<qu089>  3.3|2008/10/17 17:40:07|  19.0858| -66.7950|  24.80|Puerto Rico region|http://earthquake.usgs.gov/eqcenter/recenteqsww/Quakes/prp0829105.php</qu089>
<qu090>  2.6|2008/10/17 17:19:18|  40.2913|-124.5853|  21.60|offshore Northern California|http://earthquake.usgs.gov/eqcenter/recenteqsww/Quakes/nc51209705.php</qu090>
<qu091>  3.1|2008/10/17 15:48:36|  19.2375| -64.7857|  60.40|Virgin Islands region|http://earthquake.usgs.gov/eqcenter/recenteqsww/Quakes/prp0829104.php</qu091>
<qu092>  2.5|2008/10/17 11:12:59|  54.4281|-162.7925|  39.10|Alaska Peninsula|http://earthquake.usgs.gov/eqcenter/recenteqsww/Quakes/ak00073341.php</qu092>
<qu093>  2.8|2008/10/17 09:07:02|  62.1738|-150.1745|   7.00|Central Alaska|http://earthquake.usgs.gov/eqcenter/recenteqsww/Quakes/ak00073329.php</qu093>
<qu094>  3.2|2008/10/17 08:24:15|  19.0553| -65.0025| 123.00|Virgin Islands region|http://earthquake.usgs.gov/eqcenter/recenteqsww/Quakes/prp0829103.php</qu094>
<qu095>  3.0|2008/10/17 08:22:34|  18.7117| -65.0358|  20.60|Virgin Islands region|http://earthquake.usgs.gov/eqcenter/recenteqsww/Quakes/prp0829102.php</qu095>
<qu096>  3.3|2008/10/17 03:05:11|  36.1870|-114.5260|   0.00|Nevada|http://earthquake.usgs.gov/eqcenter/recenteqsww/Quakes/nn00263103.php</qu096>
<qu097>  4.2|2008/10/17 02:54:00|  15.1946| -92.8940|  10.00|offshore Chiapas, Mexico|http://earthquake.usgs.gov/eqcenter/recenteqsww/Quakes/us2008ygak.php</qu097>
<qu098>  3.0|2008/10/17 02:28:05|  18.9465| -65.2703|  91.20|Puerto Rico region|http://earthquake.usgs.gov/eqcenter/recenteqsww/Quakes/prp0829101.php</qu098>
<qu099>  2.8|2008/10/17 01:17:45|  52.8331|-167.0680|  34.20|Fox Islands, Aleutian Islands, Alaska|http://earthquake.usgs.gov/eqcenter/recenteqsww/Quakes/ak00073309.php</qu099>
<qu100>  5.0|2008/10/16 23:24:43|  -3.7356| 150.4304|  35.00|New Ireland region, Papua New Guinea|http://earthquake.usgs.gov/eqcenter/recenteqsww/Quakes/us2008yfcg.php</qu100>
<qu101>  2.6|2008/10/16 22:27:15|  51.2431|-173.8665|   5.00|Andreanof Islands, Aleutian Islands, Alaska|http://earthquake.usgs.gov/eqcenter/recenteqsww/Quakes/ak00073297.php</qu101>
<qu102>  2.5|2008/10/16 22:23:21|  53.1702|-164.1308|  20.90|Unimak Island region, Alaska|http://earthquake.usgs.gov/eqcenter/recenteqsww/Quakes/ak00073525.php</qu102>
<qu103>  3.3|2008/10/16 21:49:51|  51.2589|-179.9547|  19.50|Andreanof Islands, Aleutian Islands, Alaska|http://earthquake.usgs.gov/eqcenter/recenteqsww/Quakes/ak00073294.php</qu103>
<qu104>  6.6|2008/10/16 19:41:26|  14.4430| -92.4233|  24.00|offshore Chiapas, Mexico|http://earthquake.usgs.gov/eqcenter/recenteqsww/Quakes/us2008yfbk.php</qu104>
<qu105>  2.5|2008/10/16 16:17:51|  19.4050|-155.2745|   0.60|Island of Hawaii, Hawaii|http://earthquake.usgs.gov/eqcenter/recenteqsww/Quakes/hv00030952.php</qu105>
<qu106>  4.8|2008/10/16 16:02:00|  -3.9835| 150.6115|  71.20|New Ireland region, Papua New Guinea|http://earthquake.usgs.gov/eqcenter/recenteqsww/Quakes/us2008yfba.php</qu106>
<qu107>  4.7|2008/10/16 16:00:10|  -4.0822| 150.5456|  85.10|New Britain region, Papua New Guinea|http://earthquake.usgs.gov/eqcenter/recenteqsww/Quakes/us2008yfbc.php</qu107>
<qu108>  4.6|2008/10/16 15:58:22|  -4.0032| 150.4543|  86.00|New Britain region, Papua New Guinea|http://earthquake.usgs.gov/eqcenter/recenteqsww/Quakes/us2008yfbd.php</qu108>
<qu109>  2.5|2008/10/16 12:58:55|  55.0385|-159.9596|   5.20|Alaska Peninsula|http://earthquake.usgs.gov/eqcenter/recenteqsww/Quakes/ak00073253.php</qu109>
<qu110>  4.7|2008/10/16 11:49:30|  42.5784| 142.6156| 110.30|Hokkaido, Japan region|http://earthquake.usgs.gov/eqcenter/recenteqsww/Quakes/us2008yfau.php</qu110>
<qu111>  2.5|2008/10/16 08:31:02|  35.6633|-121.0720|   6.10|Central California|http://earthquake.usgs.gov/eqcenter/recenteqsww/Quakes/nc51209596.php</qu111>
<qu112>  4.9|2008/10/16 04:28:44|  -3.4771|  81.7989|  10.00|South Indian Ocean|http://earthquake.usgs.gov/eqcenter/recenteqsww/Quakes/us2008yfaf.php</qu112>
<qu113>  2.7|2008/10/16 02:36:38|  18.9425| -65.1625|  25.70|Puerto Rico region|http://earthquake.usgs.gov/eqcenter/recenteqsww/Quakes/prp0829001.php</qu113>
<qu114>  3.2|2008/10/16 00:32:03|  51.6373|-179.5015|  79.20|Andreanof Islands, Aleutian Islands, Alaska|http://earthquake.usgs.gov/eqcenter/recenteqsww/Quakes/ak00073231.php</qu114>
<qu115>  2.5|2008/10/15 23:53:41|  51.5038|-176.0119|  27.70|Andreanof Islands, Aleutian Islands, Alaska|http://earthquake.usgs.gov/eqcenter/recenteqsww/Quakes/ak00073227.php</qu115>
<qu116>  3.4|2008/10/15 22:00:23|  18.9278| -64.5275|  82.60|Virgin Islands region|http://earthquake.usgs.gov/eqcenter/recenteqsww/Quakes/prp0828908.php</qu116>
<qu117>  3.4|2008/10/15 21:33:01|  19.1968| -64.8330|  40.20|Virgin Islands region|http://earthquake.usgs.gov/eqcenter/recenteqsww/Quakes/prp0828909.php</qu117>
<qu118>  2.5|2008/10/15 21:25:58|  60.6623|-147.3854|   4.70|Southern Alaska|http://earthquake.usgs.gov/eqcenter/recenteqsww/Quakes/ak00073223.php</qu118>
<qu119>  3.2|2008/10/15 21:18:28|  18.9170| -64.7973|  64.80|Virgin Islands region|http://earthquake.usgs.gov/eqcenter/recenteqsww/Quakes/prp0828914.php</qu119>
<qu120>  3.1|2008/10/15 20:35:55|  19.2397| -65.2535|  44.00|Puerto Rico region|http://earthquake.usgs.gov/eqcenter/recenteqsww/Quakes/prp0828911.php</qu120>
<qu121>  3.1|2008/10/15 20:34:05|  19.0232| -64.7950|  59.10|Virgin Islands region|http://earthquake.usgs.gov/eqcenter/recenteqsww/Quakes/prp0828910.php</qu121>
<qu122>  2.7|2008/10/15 20:02:24|  18.2263| -67.0737|  96.90|Puerto Rico|http://earthquake.usgs.gov/eqcenter/recenteqsww/Quakes/prp0828912.php</qu122>
<qu123>  3.0|2008/10/15 18:37:45|  54.6477|-163.4912|   5.70|Unimak Island region, Alaska|http://earthquake.usgs.gov/eqcenter/recenteqsww/Quakes/ak00073159.php</qu123>
<qu124>  4.8|2008/10/15 17:05:44| -10.5585| 164.3993|  35.00|Santa Cruz Islands region|http://earthquake.usgs.gov/eqcenter/recenteqsww/Quakes/us2008yebq.php</qu124>
<qu125>  2.6|2008/10/15 16:57:33|  37.6293|-119.0368|   6.60|Long Valley area, California|http://earthquake.usgs.gov/eqcenter/recenteqsww/Quakes/nc51209558.php</qu125>
<qu126>  4.6|2008/10/15 16:35:51|  -6.5216| 129.5058| 172.30|Banda Sea|http://earthquake.usgs.gov/eqcenter/recenteqsww/Quakes/us2008yebg.php</qu126>
<qu127>  3.0|2008/10/15 16:30:22|  51.8798|-170.2012|  14.90|Fox Islands, Aleutian Islands, Alaska|http://earthquake.usgs.gov/eqcenter/recenteqsww/Quakes/ak00073152.php</qu127>
<qu128>  3.0|2008/10/15 15:10:17|  18.7848| -65.4430|  55.40|Puerto Rico region|http://earthquake.usgs.gov/eqcenter/recenteqsww/Quakes/prp0828913.php</qu128>
<qu129>  5.3|2008/10/15 14:28:18| -16.0777| 166.7800|  67.10|Vanuatu|http://earthquake.usgs.gov/eqcenter/recenteqsww/Quakes/us2008yea9.php</qu129>
<qu130>  3.1|2008/10/15 14:11:53|  19.2205| -65.1955|  37.30|Puerto Rico region|http://earthquake.usgs.gov/eqcenter/recenteqsww/Quakes/prp0828907.php</qu130>
<qu131>  2.5|2008/10/15 12:31:05|  62.6066|-149.6623|  73.30|Central Alaska|http://earthquake.usgs.gov/eqcenter/recenteqsww/Quakes/ak00073141.php</qu131>
<qu132>  3.2|2008/10/15 10:31:22|  54.7135|-161.3547|  16.20|Alaska Peninsula|http://earthquake.usgs.gov/eqcenter/recenteqsww/Quakes/ak00073134.php</qu132>
<qu133>  4.9|2008/10/15 08:02:00|   1.9803|  97.9187|  47.70|Nias region, Indonesia|http://earthquake.usgs.gov/eqcenter/recenteqsww/Quakes/us2008yeau.php</qu133>
<qu134>  2.9|2008/10/15 08:00:31|  19.0968| -64.6628|  53.40|Virgin Islands region|http://earthquake.usgs.gov/eqcenter/recenteqsww/Quakes/prp0828906.php</qu134>
<qu135>  3.0|2008/10/15 07:49:10|  19.0562| -64.9395|  32.70|Virgin Islands region|http://earthquake.usgs.gov/eqcenter/recenteqsww/Quakes/prp0828905.php</qu135>
<qu136>  3.2|2008/10/15 07:29:41|  18.8117| -64.4687|  84.80|Virgin Islands region|http://earthquake.usgs.gov/eqcenter/recenteqsww/Quakes/prp0828904.php</qu136>
<qu137>  3.0|2008/10/15 06:50:54|  19.0382| -64.8027|  32.90|Virgin Islands region|http://earthquake.usgs.gov/eqcenter/recenteqsww/Quakes/prp0828902.php</qu137>
<qu138>  3.1|2008/10/15 05:10:14|  63.0061|-150.4323| 104.50|Central Alaska|http://earthquake.usgs.gov/eqcenter/recenteqsww/Quakes/ak00073109.php</qu138>
<qu139>  3.3|2008/10/15 04:59:53|  19.2077| -64.8337|  29.50|Virgin Islands region|http://earthquake.usgs.gov/eqcenter/recenteqsww/Quakes/prp0828903.php</qu139>
<qu140>  4.4|2008/10/15 01:47:35| -23.0993| -66.4887| 193.10|Jujuy, Argentina|http://earthquake.usgs.gov/eqcenter/recenteqsww/Quakes/us2008yeah.php</qu140>
<qu141>  4.8|2008/10/15 00:17:52| -14.9917| -72.0417| 102.30|central Peru|http://earthquake.usgs.gov/eqcenter/recenteqsww/Quakes/us2008yeab.php</qu141>
<qu142>  3.1|2008/10/15 00:11:33|  17.9603| -68.4042|  88.90|Dominican Republic region|http://earthquake.usgs.gov/eqcenter/recenteqsww/Quakes/prp0828901.php</qu142>
<qu143>  3.0|2008/10/14 23:51:22|  19.1660| -64.8322|  42.50|Virgin Islands region|http://earthquake.usgs.gov/eqcenter/recenteqsww/Quakes/prp0828829.php</qu143>
<qu144>  3.6|2008/10/14 23:37:20|  51.3776|-176.3868|  19.30|Andreanof Islands, Aleutian Islands, Alaska|http://earthquake.usgs.gov/eqcenter/recenteqsww/Quakes/ak00073097.php</qu144>
<qu145>  2.8|2008/10/14 22:26:26|  19.4038|-155.2762|   1.00|Island of Hawaii, Hawaii|http://earthquake.usgs.gov/eqcenter/recenteqsww/Quakes/hv00030902.php</qu145>
<qu146>  2.9|2008/10/14 21:30:06|  63.1071|-150.7599| 117.90|Central Alaska|http://earthquake.usgs.gov/eqcenter/recenteqsww/Quakes/ak00073088.php</qu146>
<qu147>  2.8|2008/10/14 20:24:13|  19.3478|-155.1035|   7.70|Island of Hawaii, Hawaii|http://earthquake.usgs.gov/eqcenter/recenteqsww/Quakes/hv00030900.php</qu147>
<qu148>  5.0|2008/10/14 19:51:35|   4.0436|  69.0025|  10.00|North Indian Ocean|http://earthquake.usgs.gov/eqcenter/recenteqsww/Quakes/us2008ydcq.php</qu148>
<qu149>  2.5|2008/10/14 19:38:12|  51.1094|-179.8871|  14.90|Andreanof Islands, Aleutian Islands, Alaska|http://earthquake.usgs.gov/eqcenter/recenteqsww/Quakes/ak00073415.php</qu149>
<qu150>  2.8|2008/10/14 17:01:32|  18.9453| -64.3525|   8.60|Virgin Islands region|http://earthquake.usgs.gov/eqcenter/recenteqsww/Quakes/prp0828826.php</qu150>
<qu151>  5.0|2008/10/14 16:52:52| -21.4890|-178.1391| 404.10|Fiji region|http://earthquake.usgs.gov/eqcenter/recenteqsww/Quakes/us2008ydb5.php</qu151>
<qu152>  4.0|2008/10/14 15:10:39|  43.7576|-129.2398|  10.00|off the coast of Oregon|http://earthquake.usgs.gov/eqcenter/recenteqsww/Quakes/us2008ydbt.php</qu152>
<qu153>  2.5|2008/10/14 13:21:09|  51.4377| 179.3671|  60.40|Rat Islands, Aleutian Islands, Alaska|http://earthquake.usgs.gov/eqcenter/recenteqsww/Quakes/ak00072961.php</qu153>
<qu154>  2.5|2008/10/14 12:43:13|  61.6915|-150.8036|  54.40|Southern Alaska|http://earthquake.usgs.gov/eqcenter/recenteqsww/Quakes/ak00072956.php</qu154>
<qu155>  2.9|2008/10/14 12:05:02|  65.8834|-150.1735|  21.90|northern Alaska|http://earthquake.usgs.gov/eqcenter/recenteqsww/Quakes/ak00072954.php</qu155>
<qu156>  3.3|2008/10/14 08:36:05|  18.8033| -64.4700|  96.30|Virgin Islands region|http://earthquake.usgs.gov/eqcenter/recenteqsww/Quakes/prp0828819.php</qu156>
<qu157>  2.8|2008/10/14 08:30:07|  39.3922|-122.4625|   0.80|Northern California|http://earthquake.usgs.gov/eqcenter/recenteqsww/Quakes/nc51209482.php</qu157>
<qu158>  2.9|2008/10/14 08:17:42|  18.8318| -64.5480|  78.60|Virgin Islands region|http://earthquake.usgs.gov/eqcenter/recenteqsww/Quakes/prp0828820.php</qu158>
<qu159>  3.2|2008/10/14 06:46:14|  19.0675| -64.6868|  60.70|Virgin Islands region|http://earthquake.usgs.gov/eqcenter/recenteqsww/Quakes/prp0828811.php</qu159>
<qu160>  2.8|2008/10/14 06:01:54|  19.0732| -64.5862|  73.30|Virgin Islands region|http://earthquake.usgs.gov/eqcenter/recenteqsww/Quakes/prp0828813.php</qu160>
<qu161>  2.5|2008/10/14 05:10:36|  52.4480|-166.8266|  24.50|Fox Islands, Aleutian Islands, Alaska|http://earthquake.usgs.gov/eqcenter/recenteqsww/Quakes/ak00073388.php</qu161>
<qu162>  3.1|2008/10/14 05:02:56|  19.2565| -64.7908|  50.80|Virgin Islands region|http://earthquake.usgs.gov/eqcenter/recenteqsww/Quakes/prp0828822.php</qu162>
<qu163>  2.5|2008/10/14 03:54:13|  17.8668| -66.8093|   1.00|Puerto Rico region|http://earthquake.usgs.gov/eqcenter/recenteqsww/Quakes/prp0828809.php</qu163>
<qu164>  3.1|2008/10/14 03:45:14|  18.8747| -64.7013|  42.90|Virgin Islands region|http://earthquake.usgs.gov/eqcenter/recenteqsww/Quakes/prp0828807.php</qu164>
<qu165>  2.6|2008/10/14 03:32:20|  47.7314|-120.2740|   3.60|Washington|http://earthquake.usgs.gov/eqcenter/recenteqsww/Quakes/uw10140332.php</qu165>
<qu166>  3.4|2008/10/14 03:29:50|  19.3242| -64.6928|  47.80|Virgin Islands region|http://earthquake.usgs.gov/eqcenter/recenteqsww/Quakes/prp0828812.php</qu166>
<qu167>  2.6|2008/10/14 03:28:58|  37.2830|-114.3610|   3.30|Nevada|http://earthquake.usgs.gov/eqcenter/recenteqsww/Quakes/nn00262856.php</qu167>
<qu168>  3.7|2008/10/14 03:07:27|  35.7732|-100.7179|   5.00|Texas Panhandle region|http://earthquake.usgs.gov/eqcenter/recenteqsww/Quakes/us2008ydaq.php</qu168>
<qu169>  4.5|2008/10/14 02:17:02|  38.7215|  23.5802|  34.60|Greece|http://earthquake.usgs.gov/eqcenter/recenteqsww/Quakes/us2008ydal.php</qu169>
<qu170>  3.1|2008/10/14 02:08:23|  18.9102| -64.7773|  45.30|Virgin Islands region|http://earthquake.usgs.gov/eqcenter/recenteqsww/Quakes/prp0828817.php</qu170>
<qu171>  4.9|2008/10/14 02:06:38|  38.7545|  23.5690|  25.80|Greece|http://earthquake.usgs.gov/eqcenter/recenteqsww/Quakes/us2008ydaj.php</qu171>
<qu172>  3.1|2008/10/14 01:52:38|  53.8871|-164.8179|  59.50|Unimak Island region, Alaska|http://earthquake.usgs.gov/eqcenter/recenteqsww/Quakes/ak00072940.php</qu172>
<qu173>  3.1|2008/10/14 01:38:38|  19.1693| -64.8448|   5.40|Virgin Islands region|http://earthquake.usgs.gov/eqcenter/recenteqsww/Quakes/prp0828824.php</qu173>
<qu174>  3.3|2008/10/14 01:32:08|  19.1695| -64.7668|  10.00|Virgin Islands region|http://earthquake.usgs.gov/eqcenter/recenteqsww/Quakes/prp0828816.php</qu174>
<qu175>  3.7|2008/10/14 01:32:07|  18.9475| -64.5315|  81.80|Virgin Islands region|http://earthquake.usgs.gov/eqcenter/recenteqsww/Quakes/prp0828801.php</qu175>
<qu176>  3.2|2008/10/14 01:04:38|  19.0777| -64.5690|  84.70|Virgin Islands region|http://earthquake.usgs.gov/eqcenter/recenteqsww/Quakes/prp0828825.php</qu176>
<qu177>  5.3|2008/10/14 01:04:24|   5.5401| 124.1888| 480.90|Mindanao, Philippines|http://earthquake.usgs.gov/eqcenter/recenteqsww/Quakes/us2008ydah.php</qu177>
</quakes>
<quakes>
<wequ001>  9.5|1960/05/22 19:11:14|  -38.24|-73.05|   0.0|Chile, #1|http://earthquake.usgs.gov/regional/world/events/1960_05_22.php</wequ001>
<wequ002>  9.2|1964/03/28 03:36:14|  61.02|-147.65|   0.0|Prince William Sound, Alaska, #2|http://earthquake.usgs.gov/regional/states/events/1964_03_28.php</wequ002>
<wequ003>  9.1|2004/12/26 00:58:53|  3.30|95.78|   0.0|West Coast, Northern Sumatra, #3|http://earthquake.usgs.gov/eqcenter/eqinthenews/2004/usslav/</wequ003>
<wequ004>  9.0|1952/11/04 16:58:26|  52.76|160.06|   0.0|Kamchatka, #4|http://earthquake.usgs.gov/regional/world/events/1952_11_04.php</wequ004>
<wequ005>  8.8|1906/01/31 15:35:00|  1.0|-81.5|   0.0|Off the Coast of Ecuador, #5|http://earthquake.usgs.gov/regional/world/events/1906_01_31.php</wequ005>
<wequ006>  8.7|1965/02/04 05:01:00|  51.21|178.50|   0.0|Rat Islands, Alaska, #6|http://earthquake.usgs.gov/regional/states/events/1965_02_04.php</wequ006>
<wequ007>  8.7|1755/11/01 10:16:00|  36.0|-11.0|   0.0|near Lisbon, Portugal|http://earthquake.usgs.gov/regional/world/events/1755_11_01.php</wequ007>
<wequ008>  8.6|2005/03/28 16:09:36|  2.08|97.01|   0.0|Northern Sumatra, Indonesia, #7|http://earthquake.usgs.gov/eqcenter/eqinthenews/2005/usweax/</wequ008>
<wequ009>  8.6|1950/08/15 14:09:00|  28.5|96.5|   0.0|Assam, Tibet, #8|http://earthquake.usgs.gov/regional/world/events/1950_08_15.php</wequ009>
<wequ010>  8.6|1957/03/09 14:22:31|  51.56|-175.39|   0.0|Andreanof Islands, Alaska, #9|http://earthquake.usgs.gov/regional/states/events/1957_03_09.php</wequ010>
<wequ011>  8.6|1938/02/01 19:04:00|  -5.05|131.62|   0.0|Banda Sea, Indonesia, #10|http://earthquake.usgs.gov/regional/world/events/1938_02_01.php</wequ011>
<wequ012>  8.5|1923/02/03 00:00:00|  54.0|161.0|   0.0|Kamchatka, #11|http://earthquake.usgs.gov/regional/world/10_largest_world.php</wequ012>
<wequ013>  8.5|1922/11/11 04:32:00|  -28.55|-70.5|   0.0|Chile-Argentina Border, #12|http://earthquake.usgs.gov/regional/world/events/1922_11_11.php</wequ013>
<wequ014>  8.5|1963/10/13 00:00:00|  44.9|149.6|   0.0|Kuril Islands, #13|http://earthquake.usgs.gov/regional/world/10_largest_world.php</wequ014>
<wequ015>  7.9|2008/05/12 06:28:01|  30.986|103.364|   19.0|Eastern Sichuan, China|http://earthquake.usgs.gov/eqcenter/eqinthenews/2008/us2008ryan</wequ015>
</quakes>
